{"cameraMode":{"drawMode":0,"name":"Shaded","section":"Shading Mode"},"sceneLighting":true,"audioPlay":false,"sceneViewState":{"showFog":true,"showMaterialUpdate":false,"showSkybox":true,"showFlares":true,"showImageEffects":true,"showParticleSystems":true},"in2DMode":false,"pivot":{"x":0.0,"y":1.1796766519546509,"z":-1.5054590702056885},"rotation":{"x":0.18336935341358186,"y":-0.7059698700904846,"z":0.19766472280025483,"w":0.6549129486083984},"size":19.398279190063478,"orthographic":true}