{"cameraMode":{"drawMode":0,"name":"Shaded","section":"Shading Mode"},"sceneLighting":true,"audioPlay":false,"sceneViewState":{"showFog":true,"showMaterialUpdate":false,"showSkybox":true,"showFlares":true,"showImageEffects":true,"showParticleSystems":true},"in2DMode":false,"pivot":{"x":-0.00014400482177734375,"y":-257.6524353027344,"z":361.81854248046877},"rotation":{"x":0.18336933851242066,"y":-0.7059698104858398,"z":0.19766470789909364,"w":0.6549128890037537},"size":20.6319580078125,"orthographic":true}