{"cameraMode":{"drawMode":0,"name":"Shaded","section":"Shading Mode"},"sceneLighting":true,"audioPlay":false,"sceneViewState":{"showFog":true,"showMaterialUpdate":false,"showSkybox":true,"showFlares":true,"showImageEffects":true,"showParticleSystems":true},"in2DMode":false,"pivot":{"x":0.0,"y":1.1050573587417603,"z":1.8217315673828126},"rotation":{"x":0.0419771783053875,"y":-0.02187676727771759,"z":0.0009193223086185753,"w":0.9988786578178406},"size":17.338459014892579,"orthographic":true}