{"cameraMode":{"drawMode":0,"name":"Shaded","section":"Shading Mode"},"sceneLighting":true,"audioPlay":false,"sceneViewState":{"showFog":true,"showMaterialUpdate":false,"showSkybox":true,"showFlares":true,"showImageEffects":true,"showParticleSystems":true},"in2DMode":false,"pivot":{"x":0.4588072896003723,"y":6.69003963470459,"z":191.125},"rotation":{"x":-0.07185570150613785,"y":0.047858309000730517,"z":-0.0034517738968133928,"w":-0.9962602257728577},"size":11.68391227722168,"orthographic":false}